酒名英文字段,年份字段,单价字段,散支字段,净含量字段,官网链接,供货商,供货商代码,上传时间
,,,,,https://hk.ackerwines.com/,Acker Merrall & Condit HK Retail (005),005,2025-04-13 13:19:53
&&,&&,&&,&&,&&,https://hk.ackerwines.com/,Acker Merrall & Condit HK Retail (005),005,2025-04-13 13:19:53
Champagne Chavost Blanc de Chardonnay Brut Nature (OCB6),NV,420,11,bottle,https://hk.ackerwines.com/,Acker Merrall & Condit HK Retail (005),005,2025-04-13 13:19:53
Champagne Chavost Blanc de Meunier Brut Nature (OCB6),NV,430,9,bottle,https://hk.ackerwines.com/,Acker Merrall & Condit HK Retail (005),005,2025-04-13 13:19:53
Champagne Chavost Rose de Saignee (OCB6),NV,620,3,bottle,https://hk.ackerwines.com/,Acker Merrall & Condit HK Retail (005),005,2025-04-13 13:19:53
Collard Picard Cuvee des Archives Brut Millesime,2002,2400,1,OGB1,https://hk.ackerwines.com/,Acker Merrall & Condit HK Retail (005),005,2025-04-13 13:19:53
Cristal,1983,12800,3,magnum,https://hk.ackerwines.com/,Acker Merrall & Condit HK Retail (005),005,2025-04-13 13:19:53
Cristal,1985,19800,2,magnum,https://hk.ackerwines.com/,Acker Merrall & Condit HK Retail (005),005,2025-04-13 13:19:53
Dom Perignon,1990,3600,21,bottle,https://hk.ackerwines.com/,Acker Merrall & Condit HK Retail (005),005,2025-04-13 13:19:53
Dom Perignon Rose,1982,7200,5,bottle,https://hk.ackerwines.com/,Acker Merrall & Condit HK Retail (005),005,2025-04-13 13:19:53
Dom Perignon Rose,2008,7500,1,magnum,https://hk.ackerwines.com/,Acker Merrall & Condit HK Retail (005),005,2025-04-13 13:19:53
Krug,1976,16000,6,OCB1,https://hk.ackerwines.com/,Acker Merrall & Condit HK Retail (005),005,2025-04-13 13:19:53
Krug,1989,17000,1,magnum,https://hk.ackerwines.com/,Acker Merrall & Condit HK Retail (005),005,2025-04-13 13:19:53
Krug Clos du Mesnil,2003,11500,2,OGB1,https://hk.ackerwines.com/,Acker Merrall & Condit HK Retail (005),005,2025-04-13 13:19:53
Krug Clos du Mesnil,2004,10800,4,OWC1,https://hk.ackerwines.com/,Acker Merrall & Condit HK Retail (005),005,2025-04-13 13:19:53
Krug Collection,1979,50000,1,magnum,https://hk.ackerwines.com/,Acker Merrall & Condit HK Retail (005),005,2025-04-13 13:19:53
Krug Collection,1985,32000,2,magnum,https://hk.ackerwines.com/,Acker Merrall & Condit HK Retail (005),005,2025-04-13 13:19:53
Roebuck Blanc de Noirs,2018,425,24+,bottle,https://hk.ackerwines.com/,Acker Merrall & Condit HK Retail (005),005,2025-04-13 13:19:53
Roebuck Classic Cuvee,2017,380,2,bottle,https://hk.ackerwines.com/,Acker Merrall & Condit HK Retail (005),005,2025-04-13 13:19:53
Roebuck Classic Cuvee,2018,380,24+,bottle,https://hk.ackerwines.com/,Acker Merrall & Condit HK Retail (005),005,2025-04-13 13:19:53
Roebuck Rare Expression No 19,2015,1100,24,bottle,https://hk.ackerwines.com/,Acker Merrall & Condit HK Retail (005),005,2025-04-13 13:19:53
Roebuck Rose de Noirs,2018,400,24+,bottle,https://hk.ackerwines.com/,Acker Merrall & Condit HK Retail (005),005,2025-04-13 13:19:53
Salon,1997,9800,5,bottle,https://hk.ackerwines.com/,Acker Merrall & Condit HK Retail (005),005,2025-04-13 13:19:53
Veuve Clicquot La Grande Dame Paola Paronetto Edition,2015,7500,2,OCB6,https://hk.ackerwines.com/,Acker Merrall & Condit HK Retail (005),005,2025-04-13 13:19:53
Les Bulles et les Icones by David Pan,NV,950,24+,EA,https://hk.ackerwines.com/,Acker Merrall & Condit HK Retail (005),005,2025-04-13 13:19:53
,,,,,https://hk.ackerwines.com/,Acker Merrall & Condit HK Retail (005),005,2025-04-13 13:19:53
&&,&&,&&,&&,&&,https://hk.ackerwines.com/,Acker Merrall & Condit HK Retail (005),005,2025-04-13 13:19:53
A.-F. Gros Richebourg Grand Cru,1999,10000,1,bottle,https://hk.ackerwines.com/,Acker Merrall & Condit HK Retail (005),005,2025-04-13 13:19:53
A. Rousseau Chambertin Clos de Beze Grand Cru,2015,22800,2,bottle,https://hk.ackerwines.com/,Acker Merrall & Condit HK Retail (005),005,2025-04-13 13:19:53
A. Rousseau Chambertin Clos de Beze Grand Cru,2017,21500,1,bottle,https://hk.ackerwines.com/,Acker Merrall & Condit HK Retail (005),005,2025-04-13 13:19:53
A. Rousseau Chambertin Grand Cru,1996,32000,1,bottle,https://hk.ackerwines.com/,Acker Merrall & Condit HK Retail (005),005,2025-04-13 13:19:53
A. Rousseau Chambertin Grand Cru,2010,50000,1,bottle,https://hk.ackerwines.com/,Acker Merrall & Condit HK Retail (005),005,2025-04-13 13:19:53
A. Rousseau Chambertin Grand Cru,2011,25000,1,bottle,https://hk.ackerwines.com/,Acker Merrall & Condit HK Retail (005),005,2025-04-13 13:19:53
A. Rousseau Chambertin Grand Cru,2012,20000,1,bottle,https://hk.ackerwines.com/,Acker Merrall & Condit HK Retail (005),005,2025-04-13 13:19:53
A. Rousseau Charmes Chambertin Grand Cru,1999,12000,2,bottle,https://hk.ackerwines.com/,Acker Merrall & Condit HK Retail (005),005,2025-04-13 13:19:53
Aegerter Pommard Rugiens 1er Cru,2015,620,2,bottle,https://hk.ackerwines.com/,Acker Merrall & Condit HK Retail (005),005,2025-04-13 13:19:53
Bertagna Clos St. Denis,2002,3200,2,bottle,https://hk.ackerwines.com/,Acker Merrall & Condit HK Retail (005),005,2025-04-13 13:19:53
Bertheau Bonnes Mares Grand Cru,2014,3400,12,bottle,https://hk.ackerwines.com/,Acker Merrall & Condit HK Retail (005),005,2025-04-13 13:19:53
Bertheau Chambolle Musigny 1er Cru,2011,1100,3,bottle,https://hk.ackerwines.com/,Acker Merrall & Condit HK Retail (005),005,2025-04-13 13:19:53
Bizot Bourgogne Chapitre,2019,20000,1,bottle,https://hk.ackerwines.com/,Acker Merrall & Condit HK Retail (005),005,2025-04-13 13:19:53
Bizot Vosne Romanee,2019,20000,1,bottle,https://hk.ackerwines.com/,Acker Merrall & Condit HK Retail (005),005,2025-04-13 13:19:53
Bouchard La Romanee Grand Cru,1995,28000,2,magnum,https://hk.ackerwines.com/,Acker Merrall & Condit HK Retail (005),005,2025-04-13 13:19:53
Bonneau du Martray Corton Grand Cru,2010,2500,6,bottle,https://hk.ackerwines.com/,Acker Merrall & Condit HK Retail (005),005,2025-04-13 13:19:53
Château De La Maltroye Chassagne Montrachet Clos Château Maltroye 1er Cru,2020,550,13,bottle,https://hk.ackerwines.com/,Acker Merrall & Condit HK Retail (005),005,2025-04-13 13:19:53
Château De La Maltroye Chassagne Montrachet Clos St. Jean 1er Cru,2020,500,6,bottle,https://hk.ackerwines.com/,Acker Merrall & Condit HK Retail (005),005,2025-04-13 13:19:53
Clos de la Chapelle Beaune Champs Pimont 1er Cru,2016,1100,7,magnum,https://hk.ackerwines.com/,Acker Merrall & Condit HK Retail (005),005,2025-04-13 13:19:53
Clos de la Chapelle Beaune Champs Pimont 1er Cru,2018,525,21,bottle,https://hk.ackerwines.com/,Acker Merrall & Condit HK Retail (005),005,2025-04-13 13:19:53
Clos de la Chapelle Beaune Champs Pimont 1er Cru,2018,1150,9,magnum,https://hk.ackerwines.com/,Acker Merrall & Condit HK Retail (005),005,2025-04-13 13:19:53
Clos de la Chapelle Beaune Champs Pimont 1er Cru,2019,575,10,bottle,https://hk.ackerwines.com/,Acker Merrall & Condit HK Retail (005),005,2025-04-13 13:19:53
Clos de la Chapelle Pommard Chanlins VV 1er Cru,2018,630,15,bottle,https://hk.ackerwines.com/,Acker Merrall & Condit HK Retail (005),005,2025-04-13 13:19:53
Clos de la Chapelle Pommard Grands Epenots 1er Cru,2019,735,5,bottle,https://hk.ackerwines.com/,Acker Merrall & Condit HK Retail (005),005,2025-04-13 13:19:53
Clos de la Chapelle Volnay Carelle 1er Cru,2017,500,8,bottle,https://hk.ackerwines.com/,Acker Merrall & Condit HK Retail (005),005,2025-04-13 13:19:53
Clos de la Chapelle Volnay Carelle 1er Cru,2018,580,24+,bottle,https://hk.ackerwines.com/,Acker Merrall & Condit HK Retail (005),005,2025-04-13 13:19:53
Clos de la Chapelle Volnay Carelle 1er Cru,2019,630,24+,bottle,https://hk.ackerwines.com/,Acker Merrall & Condit HK Retail (005),005,2025-04-13 13:19:53
Clos de la Chapelle Volnay Clos de la Chapelle 1er Cru,2016,800,3,bottle,https://hk.ackerwines.com/,Acker Merrall & Condit HK Retail (005),005,2025-04-13 13:19:53
Clos de la Chapelle Volnay Clos de la Chapelle 1er Cru,2019,840,13,bottle,https://hk.ackerwines.com/,Acker Merrall & Condit HK Retail (005),005,2025-04-13 13:19:53
Clos de la Chapelle Volnay Clos de la Chapelle,2020,950,24+,bottle,https://hk.ackerwines.com/,Acker Merrall & Condit HK Retail (005),005,2025-04-13 13:19:53
Clos de la Chapelle Volnay Clos de la Chapelle,2021,1000,24+,bottle,https://hk.ackerwines.com/,Acker Merrall & Condit HK Retail (005),005,2025-04-13 13:19:53
Clos de la Chapelle Volnay Taillepieds 1er Cru,2018,630,15,bottle,https://hk.ackerwines.com/,Acker Merrall & Condit HK Retail (005),005,2025-04-13 13:19:53
Clos de la Chapelle Volnay Taillepieds 1er Cru,2018,1450,10,magnum,https://hk.ackerwines.com/,Acker Merrall & Condit HK Retail (005),005,2025-04-13 13:19:53
Denis Bachelet Gevrey Chambertin,2011,830,1,bottle,https://hk.ackerwines.com/,Acker Merrall & Condit HK Retail (005),005,2025-04-13 13:19:53
Domaine Christian Confuron & Fils Musigny Grand Cru,2005,4800,2,bottle,https://hk.ackerwines.com/,Acker Merrall & Condit HK Retail (005),005,2025-04-13 13:19:53
Domaine d'Auvenay Mazis Chambertin Grand Cru,2011,68000,1,bottle,https://hk.ackerwines.com/,Acker Merrall & Condit HK Retail (005),005,2025-04-13 13:19:53
Domaine de la Vougeraie Vougeot Clos du Prieure Grand Cru,1999,950,1,bottle,https://hk.ackerwines.com/,Acker Merrall & Condit HK Retail (005),005,2025-04-13 13:19:53
Domaine de Montille Volnay En Champans 1er Cru,2011,1200,15,bottle,https://hk.ackerwines.com/,Acker Merrall & Condit HK Retail (005),005,2025-04-13 13:19:53
Domaine du Comte Liger-Belair Clos de Vougeot Grand Cru (Banded),2017,96000,1,OWC4,https://hk.ackerwines.com/,Acker Merrall & Condit HK Retail (005),005,2025-04-13 13:19:53
Domaine du Comte Liger-Belair La Romanee Grand Cru,2002,50000,1,bottle,https://hk.ackerwines.com/,Acker Merrall & Condit HK Retail (005),005,2025-04-13 13:19:53
Domaine du Comte Liger-Belair Vosne Romanee Aux Reignots 1er Cru,2005,26600,1,bottle,https://hk.ackerwines.com/,Acker Merrall & Condit HK Retail (005),005,2025-04-13 13:19:53
Domaine du Comte Liger-Belair Vosne Romanee Aux Reignots 1er Cru,2011,16000,5,bottle,https://hk.ackerwines.com/,Acker Merrall & Condit HK Retail (005),005,2025-04-13 13:19:53
Domaine du Comte Liger-Belair Vosne Romanee Les Petits Monts 1er Cru,2013,27000,2,bottle,https://hk.ackerwines.com/,Acker Merrall & Condit HK Retail (005),005,2025-04-13 13:19:53
Domaine du Comte Liger-Belair Vosne Romanee Les Petits Monts 1er Cru,2014,87000,1,OWC3,https://hk.ackerwines.com/,Acker Merrall & Condit HK Retail (005),005,2025-04-13 13:19:53
Domaine Felettig Vosne Romanee aux Reignots 1er Cru,2014,8500,14,magnum,https://hk.ackerwines.com/,Acker Merrall & Condit HK Retail (005),005,2025-04-13 13:19:53
Domaine Felettig Vosne Romanee aux Reignots 1er Cru,2015,8500,17,magnum,https://hk.ackerwines.com/,Acker Merrall & Condit HK Retail (005),005,2025-04-13 13:19:53
Domaine Felettig Vosne Romanee aux Reignots 1er Cru,2016,8500,6,magnum,https://hk.ackerwines.com/,Acker Merrall & Condit HK Retail (005),005,2025-04-13 13:19:53
Domaine Leroy Chambolle Musigny Les Charmes 1er Cru ,2009,58000,1,bottle,https://hk.ackerwines.com/,Acker Merrall & Condit HK Retail (005),005,2025-04-13 13:19:53
Domaine Leroy Clos de Vougeot Grand Cru,2001,30000,1,bottle,https://hk.ackerwines.com/,Acker Merrall & Condit HK Retail (005),005,2025-04-13 13:19:53
Domaine Leroy Clos de Vougeot Grand Cru,2005,55000,2,bottle,https://hk.ackerwines.com/,Acker Merrall & Condit HK Retail (005),005,2025-04-13 13:19:53
Domaine Leroy Clos de Vougeot Grand Cru,2009,38000,1,bottle,https://hk.ackerwines.com/,Acker Merrall & Condit HK Retail (005),005,2025-04-13 13:19:53
Domaine Leroy Clos de Vougeot Grand Cru,2011,29000,1,bottle,https://hk.ackerwines.com/,Acker Merrall & Condit HK Retail (005),005,2025-04-13 13:19:53
Domaine Leroy Gevrey Chambertin Aux Combottes 1er Cru ,2011,36000,1,bottle,https://hk.ackerwines.com/,Acker Merrall & Condit HK Retail (005),005,2025-04-13 13:19:53
Domaine Leroy Latricières-Chambertin Grand Cru,2003,30000,1,bottle,https://hk.ackerwines.com/,Acker Merrall & Condit HK Retail (005),005,2025-04-13 13:19:53
Domaine Leroy Nuits St. Georges Aux Allots,2014,34000,1,bottle,https://hk.ackerwines.com/,Acker Merrall & Condit HK Retail (005),005,2025-04-13 13:19:53
Domaine Leroy Pommard Les Vignots 1er Cru,2008,24000,1,bottle,https://hk.ackerwines.com/,Acker Merrall & Condit HK Retail (005),005,2025-04-13 13:19:53
Domaine Leroy Pommard Les Vignots 1er Cru,2014,21000,1,bottle,https://hk.ackerwines.com/,Acker Merrall & Condit HK Retail (005),005,2025-04-13 13:19:53
Domaine Leroy Pommard Les Vignots 1er Cru,2015,24800,1,bottle,https://hk.ackerwines.com/,Acker Merrall & Condit HK Retail (005),005,2025-04-13 13:19:53
Domaine Leroy Richebourg,1996,54000,1,bottle,https://hk.ackerwines.com/,Acker Merrall & Condit HK Retail (005),005,2025-04-13 13:19:53
Domaine Leroy Romanee St. Vivant Grand Cru,2009,60000,1,bottle,https://hk.ackerwines.com/,Acker Merrall & Condit HK Retail (005),005,2025-04-13 13:19:53
Domaine Leroy Savigny Les Beaune Narbantons 1er Cru,2008,25000,1,bottle,https://hk.ackerwines.com/,Acker Merrall & Condit HK Retail (005),005,2025-04-13 13:19:53
Domaine Leroy Savigny Les Beaune Narbantons 1er Cru,2011,24000,1,bottle,https://hk.ackerwines.com/,Acker Merrall & Condit HK Retail (005),005,2025-04-13 13:19:53
Domaine Leroy Savigny Les Beaune Narbantons 1er Cru,2014,30000,1,bottle,https://hk.ackerwines.com/,Acker Merrall & Condit HK Retail (005),005,2025-04-13 13:19:53
Domaine Leroy Volnay Santenots du Milieu 1er Cru,2011,32000,1,bottle,https://hk.ackerwines.com/,Acker Merrall & Condit HK Retail (005),005,2025-04-13 13:19:53
Domaine Leroy Vosne Romanee Aux Genaivrieres,2000,38000,4,bottle,https://hk.ackerwines.com/,Acker Merrall & Condit HK Retail (005),005,2025-04-13 13:19:53
Domaine Leroy Vosne Romanee Aux Genaivrieres,2007,25000,1,bottle,https://hk.ackerwines.com/,Acker Merrall & Condit HK Retail (005),005,2025-04-13 13:19:53
Domaine Leroy Vosne Romanee Aux Genaivrieres,2011,28000,1,bottle,https://hk.ackerwines.com/,Acker Merrall & Condit HK Retail (005),005,2025-04-13 13:19:53
Domaine Leroy Vosne Romanee Aux Genaivrieres,2012,38000,1,bottle,https://hk.ackerwines.com/,Acker Merrall & Condit HK Retail (005),005,2025-04-13 13:19:53
Domaine Leroy Vosne Romanee Aux Genaivrieres,2015,39800,1,bottle,https://hk.ackerwines.com/,Acker Merrall & Condit HK Retail (005),005,2025-04-13 13:19:53
DRC Grands Echezeaux Grand Cru,1993,27000,1,bottle,https://hk.ackerwines.com/,Acker Merrall & Condit HK Retail (005),005,2025-04-13 13:19:53
DRC La Tache Grand Cru,1999,55000,9,bottle,https://hk.ackerwines.com/,Acker Merrall & Condit HK Retail (005),005,2025-04-13 13:19:53
DRC La Tache Grand Cru,2003,306000,1,OWC6,https://hk.ackerwines.com/,Acker Merrall & Condit HK Retail (005),005,2025-04-13 13:19:53
DRC La Tache Grand Cru,2017,47250,1,bottle,https://hk.ackerwines.com/,Acker Merrall & Condit HK Retail (005),005,2025-04-13 13:19:53
DRC Richebourg Grand Cru,1999,35000,6,bottle,https://hk.ackerwines.com/,Acker Merrall & Condit HK Retail (005),005,2025-04-13 13:19:53
DRC Richebourg Grand Cru,2013,33600,2,bottle,https://hk.ackerwines.com/,Acker Merrall & Condit HK Retail (005),005,2025-04-13 13:19:53
DRC Romanee Conti Grand Cru,1996,300000,1,magnum,https://hk.ackerwines.com/,Acker Merrall & Condit HK Retail (005),005,2025-04-13 13:19:53
DRC Romanee Conti Grand Cru,2005,160000,2,bottle,https://hk.ackerwines.com/,Acker Merrall & Condit HK Retail (005),005,2025-04-13 13:19:53
DRC Romanee St. Vivant Grand Cru,1999,32800,6,bottle,https://hk.ackerwines.com/,Acker Merrall & Condit HK Retail (005),005,2025-04-13 13:19:53
DRC Romanee St Vivant Grand Cru,2004,28800,1,bottle,https://hk.ackerwines.com/,Acker Merrall & Condit HK Retail (005),005,2025-04-13 13:19:53
DRC Romanee St Vivant Grand Cru,2010,30000,1,bottle,https://hk.ackerwines.com/,Acker Merrall & Condit HK Retail (005),005,2025-04-13 13:19:53
DRC Vosne Romanee Cuvee Duvault Blochet,2008,23000,1,bottle,https://hk.ackerwines.com/,Acker Merrall & Condit HK Retail (005),005,2025-04-13 13:19:53
Dugat-Py Gevrey Chambertin Corbeaux 1er Cru,2014,2000,4,bottle,https://hk.ackerwines.com/,Acker Merrall & Condit HK Retail (005),005,2025-04-13 13:19:53
Dugat-Py Gevrey Chambertin Cuvee Coeur du Roy TVV,2017,1200,10,bottle,https://hk.ackerwines.com/,Acker Merrall & Condit HK Retail (005),005,2025-04-13 13:19:53
Dujac Bonnes Mares Grand Cru,2020,8800,1,bottle,https://hk.ackerwines.com/,Acker Merrall & Condit HK Retail (005),005,2025-04-13 13:19:53
Dujac Clos de la Roche Grand Cru,2008,7800,1,bottle,https://hk.ackerwines.com/,Acker Merrall & Condit HK Retail (005),005,2025-04-13 13:19:53
Dujac Vosnes Romanee Malconsorts 1er Cru,2008,11000,1,magnum,https://hk.ackerwines.com/,Acker Merrall & Condit HK Retail (005),005,2025-04-13 13:19:53
Duroche Gevrey Chambertin Champeaux 1er Cru,2014,2000,6,bottle,https://hk.ackerwines.com/,Acker Merrall & Condit HK Retail (005),005,2025-04-13 13:19:53
Duroche Gevrey Chambertin Combe Au Moine 1er Cru,2020,9600,1,OCB6,https://hk.ackerwines.com/,Acker Merrall & Condit HK Retail (005),005,2025-04-13 13:19:53
Duroche Gevrey Chambertin En Vosne,2016,2000,6,bottle,https://hk.ackerwines.com/,Acker Merrall & Condit HK Retail (005),005,2025-04-13 13:19:53
Duroche Chambolle Musigny Les Fuees,2021,2500,6,bottle,https://hk.ackerwines.com/,Acker Merrall & Condit HK Retail (005),005,2025-04-13 13:19:53
Faiveley Chambertin Clos de Beze Les Ouvrees Rodin,2018,6400,6,bottle,https://hk.ackerwines.com/,Acker Merrall & Condit HK Retail (005),005,2025-04-13 13:19:53
Faiveley Mazis Chambertin Grand Cru,2009,2500,1,bottle,https://hk.ackerwines.com/,Acker Merrall & Condit HK Retail (005),005,2025-04-13 13:19:53
F. Lamarche Vosne Romanee Aux Malconsorts,2006,5400,2,magnum,https://hk.ackerwines.com/,Acker Merrall & Condit HK Retail (005),005,2025-04-13 13:19:53
G. Roumier Bonnes Mares Grand Cru,1992,18500,1,bottle,https://hk.ackerwines.com/,Acker Merrall & Condit HK Retail (005),005,2025-04-13 13:19:53
G. Roumier Bonnes Mares Grand Cru,2009,144000,1,OCB6,https://hk.ackerwines.com/,Acker Merrall & Condit HK Retail (005),005,2025-04-13 13:19:53
G. Roumier Bonnes Mares Grand Cru,2009,24000,6,bottle,https://hk.ackerwines.com/,Acker Merrall & Condit HK Retail (005),005,2025-04-13 13:19:53
Grafe Lecocq Charmes Chambertin Grand Cru,2008,2300,2,magnum,https://hk.ackerwines.com/,Acker Merrall & Condit HK Retail (005),005,2025-04-13 13:19:53
Grafe Lecocq Charmes Chambertin Grand Cru,2009,2400,1,magnum,https://hk.ackerwines.com/,Acker Merrall & Condit HK Retail (005),005,2025-04-13 13:19:53
Grafe Lecocq Grands Echezeaux Grand Cru,1996,1980,7,bottle,https://hk.ackerwines.com/,Acker Merrall & Condit HK Retail (005),005,2025-04-13 13:19:53
Grafe-Lecocq Hospices de Beaune Cuvee Hugues et Louis Betault Beaune 1er Cru,2015,998,5,bottle,https://hk.ackerwines.com/,Acker Merrall & Condit HK Retail (005),005,2025-04-13 13:19:53
Grafe-Lecocq Santenay,2014,265,20,bottle,https://hk.ackerwines.com/,Acker Merrall & Condit HK Retail (005),005,2025-04-13 13:19:53
H. Gouges Nuits St Georges Les Vaucrains 1er Cru,2019,1050,6,bottle,https://hk.ackerwines.com/,Acker Merrall & Condit HK Retail (005),005,2025-04-13 13:19:53
H. Jayer Vosne Romanee Cros Parantoux (ex-domaine Jayer auction),2001,400000,1,magnum,https://hk.ackerwines.com/,Acker Merrall & Condit HK Retail (005),005,2025-04-13 13:19:53
H. Lignier Clos de la Roche Grand Cru (Lightly Bin Soiled Label),2001,7550,16,bottle,https://hk.ackerwines.com/,Acker Merrall & Condit HK Retail (005),005,2025-04-13 13:19:53
"H. Lignier Clos de la Roche Grand Cru (Lightly Bin Soiled, Nicked and Lightly Scuffed Label)",1999,9400,4,bottle,https://hk.ackerwines.com/,Acker Merrall & Condit HK Retail (005),005,2025-04-13 13:19:53
H. Lignier Morey St Denis Chaffots 1er Cru,2015,1000,12,bottle,https://hk.ackerwines.com/,Acker Merrall & Condit HK Retail (005),005,2025-04-13 13:19:53
H. Lignier Morey St Denis La Riotte 1er Cru,2011,900,6,bottle,https://hk.ackerwines.com/,Acker Merrall & Condit HK Retail (005),005,2025-04-13 13:19:53
Jayer Gilles Nuits Saint Georges Les Damodes 1er Cru,2014,1000,1,bottle,https://hk.ackerwines.com/,Acker Merrall & Condit HK Retail (005),005,2025-04-13 13:19:53
Jean Marie Fourrier Chambertin Grand Cru,2020,5600,3,bottle,https://hk.ackerwines.com/,Acker Merrall & Condit HK Retail (005),005,2025-04-13 13:19:53
Jean Marie Fourrier Chambolle Musigny Amoureuses 1er Cru,2020,6800,3,bottle,https://hk.ackerwines.com/,Acker Merrall & Condit HK Retail (005),005,2025-04-13 13:19:53
Jean Marie Fourrier Latricieres Chambertin Grand Cru,2020,3500,3,bottle,https://hk.ackerwines.com/,Acker Merrall & Condit HK Retail (005),005,2025-04-13 13:19:53
Jean Marie Fourrier Vosne Romanee Malconsorts 1er Cru,2020,10800,1,OCB3,https://hk.ackerwines.com/,Acker Merrall & Condit HK Retail (005),005,2025-04-13 13:19:53
L. Jadot Volnay Clos de la Barre 1er Cru,2010,760,4,bottle,https://hk.ackerwines.com/,Acker Merrall & Condit HK Retail (005),005,2025-04-13 13:19:53
M. Gay Aloxe Corton VV,2012,450,2,bottle,https://hk.ackerwines.com/,Acker Merrall & Condit HK Retail (005),005,2025-04-13 13:19:53
Maison Leroy Chambertin,1994,50000,2,bottle,https://hk.ackerwines.com/,Acker Merrall & Condit HK Retail (005),005,2025-04-13 13:19:53
Mugneret-Gibourg Ruchottes-Chambertin Grand Cru,2016,9800,4,bottle,https://hk.ackerwines.com/,Acker Merrall & Condit HK Retail (005),005,2025-04-13 13:19:53
O. Bernstein Chambertin Clos de Beze Grand Cru,2012,5300,1,bottle,https://hk.ackerwines.com/,Acker Merrall & Condit HK Retail (005),005,2025-04-13 13:19:53
Perrot-Minot Clos Vougeot Petit Maupertuis VV Grand Cru,2012,2200,3,bottle,https://hk.ackerwines.com/,Acker Merrall & Condit HK Retail (005),005,2025-04-13 13:19:53
Philippe Pacalet Echezeaux Grand Cru,2014,4600,3,bottle,https://hk.ackerwines.com/,Acker Merrall & Condit HK Retail (005),005,2025-04-13 13:19:53
Ponsot Chambertin Clos de Beze Grand Cru,2010,31200,1,OWC6,https://hk.ackerwines.com/,Acker Merrall & Condit HK Retail (005),005,2025-04-13 13:19:53
Ponsot Clos de la Roche Grand Cru,1990,20800,2,bottle,https://hk.ackerwines.com/,Acker Merrall & Condit HK Retail (005),005,2025-04-13 13:19:53
Prieure Roch Nuits St. Georges VV 1er Cru,2012,11000,3,magnum,https://hk.ackerwines.com/,Acker Merrall & Condit HK Retail (005),005,2025-04-13 13:19:53
Prieure Roch Vosne Romanee Les Suchots 1er Cru,2018,21540,1,OWC3,https://hk.ackerwines.com/,Acker Merrall & Condit HK Retail (005),005,2025-04-13 13:19:53
Prince Florent de Merode Corton Clos de Roi 1er Cru,2002,3000,1,bottle,https://hk.ackerwines.com/,Acker Merrall & Condit HK Retail (005),005,2025-04-13 13:19:53
R. Engel Vosne Romanee Les Brulees 1er Cru,2003,30000,1,bottle,https://hk.ackerwines.com/,Acker Merrall & Condit HK Retail (005),005,2025-04-13 13:19:53
René Leclerc Gevrey-Chambertin Lavaux St Jacques 1er Cru,2013,600,1,bottle,https://hk.ackerwines.com/,Acker Merrall & Condit HK Retail (005),005,2025-04-13 13:19:53
Robert Arnoux Nuits St Georges Les Proces 1er Cru,2005,4100,1,bottle,https://hk.ackerwines.com/,Acker Merrall & Condit HK Retail (005),005,2025-04-13 13:19:53
Simon Bize & Fils Savigny les Beaune Les Marconnets 1er Cru,2017,650,4,bottle,https://hk.ackerwines.com/,Acker Merrall & Condit HK Retail (005),005,2025-04-13 13:19:53
Sylvain Cathiard Nuits St Georges Aux Thorey,2021,2800,3,bottle,https://hk.ackerwines.com/,Acker Merrall & Condit HK Retail (005),005,2025-04-13 13:19:53
Sylvain Pataille Marsannay Clos du Roy (OCB6),2013,800,5,bottle,https://hk.ackerwines.com/,Acker Merrall & Condit HK Retail (005),005,2025-04-13 13:19:53
Theo Dancer Vin De France Alpestre Gringet ,2021,450,12,bottle,https://hk.ackerwines.com/,Acker Merrall & Condit HK Retail (005),005,2025-04-13 13:19:53
Theo Dancer Vin De France Botanica Gamay,2021,400,3,bottle,https://hk.ackerwines.com/,Acker Merrall & Condit HK Retail (005),005,2025-04-13 13:19:53
Vogue Musigny VV Grand Cru,1996,8600,4,bottle,https://hk.ackerwines.com/,Acker Merrall & Condit HK Retail (005),005,2025-04-13 13:19:53
Vogue Musigny VV Grand Cru,1999,9800,10,bottle,https://hk.ackerwines.com/,Acker Merrall & Condit HK Retail (005),005,2025-04-13 13:19:53
Vogue Musigny VV Grand Cru,2010,8300,12,bottle,https://hk.ackerwines.com/,Acker Merrall & Condit HK Retail (005),005,2025-04-13 13:19:53
Yvon Clerget Volnay Clos du Verseuil 1er Cru,2017,610,16,bottle,https://hk.ackerwines.com/,Acker Merrall & Condit HK Retail (005),005,2025-04-13 13:19:53
,,,,,https://hk.ackerwines.com/,Acker Merrall & Condit HK Retail (005),005,2025-04-13 13:19:53
&&,&&,&&,&&,&&,https://hk.ackerwines.com/,Acker Merrall & Condit HK Retail (005),005,2025-04-13 13:19:53
A. Ente Meursault La Seve du Clos,2014,22000,1,magnum,https://hk.ackerwines.com/,Acker Merrall & Condit HK Retail (005),005,2025-04-13 13:19:53
Bernard Moreau Corton Charlemagne Grand Cru,2020,10500,1,OCB3,https://hk.ackerwines.com/,Acker Merrall & Condit HK Retail (005),005,2025-04-13 13:19:53
Caroline Morey Beaune Blanc Greves 1er Cru,2020,980,17,bottle,https://hk.ackerwines.com/,Acker Merrall & Condit HK Retail (005),005,2025-04-13 13:19:53
Claire&Stephane Follin-Arbelet Corton Clos Blanche Grand Cru (Ex-Domaine),2019,2300,6,bottle,https://hk.ackerwines.com/,Acker Merrall & Condit HK Retail (005),005,2025-04-13 13:19:53
Claire&Stephane Follin-Arbelet Corton Clos Blanche Grand Cru (Ex-Domaine),2020,2300,24+,bottle,https://hk.ackerwines.com/,Acker Merrall & Condit HK Retail (005),005,2025-04-13 13:19:53
Clos de la Chapelle Corton Charlemagne Grand Cru,2020,1300,3,bottle,https://hk.ackerwines.com/,Acker Merrall & Condit HK Retail (005),005,2025-04-13 13:19:53
Clos de la Chapelle Corton Charlemagne Grand Cru,2021,1400,24+,bottle,https://hk.ackerwines.com/,Acker Merrall & Condit HK Retail (005),005,2025-04-13 13:19:53
Coche Dury Bourgogne Chardonnay,2017,3000,2,bottle,https://hk.ackerwines.com/,Acker Merrall & Condit HK Retail (005),005,2025-04-13 13:19:53
Coche Dury Meursault Caillerets 1er Cru,2016,16000,1,bottle,https://hk.ackerwines.com/,Acker Merrall & Condit HK Retail (005),005,2025-04-13 13:19:53
Comtes Lafon Meursault Genevrieres 1er Cru,2010,5500,2,bottle,https://hk.ackerwines.com/,Acker Merrall & Condit HK Retail (005),005,2025-04-13 13:19:53
Domaine Chanson Beaune Clos des Mouches Blanc 1er Cru,2005,1100,1,bottle,https://hk.ackerwines.com/,Acker Merrall & Condit HK Retail (005),005,2025-04-13 13:19:53
Domaine d'Auvenay Auxey Duresses Les Clous Blanc,2011,29800,2,bottle,https://hk.ackerwines.com/,Acker Merrall & Condit HK Retail (005),005,2025-04-13 13:19:53
Domaine d'Auvenay Chevalier Montrachet Grand Cru,2009,180000,1,bottle,https://hk.ackerwines.com/,Acker Merrall & Condit HK Retail (005),005,2025-04-13 13:19:53
Domaine d'Auvenay Puligny Montrachet Les Enseigneres 1er Cru,2013,42800,1,bottle,https://hk.ackerwines.com/,Acker Merrall & Condit HK Retail (005),005,2025-04-13 13:19:53
Domaine d'Auvenay Puligny Montrachet Les Enseigneres 1er Cru,2015,45000,1,bottle,https://hk.ackerwines.com/,Acker Merrall & Condit HK Retail (005),005,2025-04-13 13:19:53
Domaine d'Auvenay Puligny Montrachet Les Folatieres 1er Cru,2011,58000,1,bottle,https://hk.ackerwines.com/,Acker Merrall & Condit HK Retail (005),005,2025-04-13 13:19:53
Domaine Leflaive Puligny Montrachet Les Pucelles 1er Cru,2005,6500,4,bottle,https://hk.ackerwines.com/,Acker Merrall & Condit HK Retail (005),005,2025-04-13 13:19:53
Domaine Leflaive Puligny Montrachet Les Pucelles 1er Cru,2010,12800,6,magnum,https://hk.ackerwines.com/,Acker Merrall & Condit HK Retail (005),005,2025-04-13 13:19:53
DRC Montrachet Grand Cru (Top Shoulder),2001,150000,1,magnum,https://hk.ackerwines.com/,Acker Merrall & Condit HK Retail (005),005,2025-04-13 13:19:53
DRC Montrachet Grand Cru,2006,78000,5,bottle,https://hk.ackerwines.com/,Acker Merrall & Condit HK Retail (005),005,2025-04-13 13:19:53
Dureuil-Janthial Rully Les Margotes 1er Cru,2020,1000,3,bottle,https://hk.ackerwines.com/,Acker Merrall & Condit HK Retail (005),005,2025-04-13 13:19:53
H. Lamy St Aubin Clos de la Chateniere VV 1er Cru,2020,1000,3,bottle,https://hk.ackerwines.com/,Acker Merrall & Condit HK Retail (005),005,2025-04-13 13:19:53
J.C. Bessin Chablis Vielles Vignes,2019,350,5,bottle,https://hk.ackerwines.com/,Acker Merrall & Condit HK Retail (005),005,2025-04-13 13:19:53
J. Drouhin Montrachet Marquis de Laguiche Grand Cru,2008,16500,2,magnum,https://hk.ackerwines.com/,Acker Merrall & Condit HK Retail (005),005,2025-04-13 13:19:53
J. Drouhin Montrachet Marquis de Laguiche,2008,33000,1,Jeroboam,https://hk.ackerwines.com/,Acker Merrall & Condit HK Retail (005),005,2025-04-13 13:19:53
J. Drouhin Montrachet Marquis de Laguiche Grand Cru,2010,17500,3,OWC1(magnum),https://hk.ackerwines.com/,Acker Merrall & Condit HK Retail (005),005,2025-04-13 13:19:53
Jean Michel Gaunoux Meursault Gouttes d'Or 1er Cru,2020,800,4,bottle,https://hk.ackerwines.com/,Acker Merrall & Condit HK Retail (005),005,2025-04-13 13:19:53
Jean Michel Gaunoux Puligny Montrachet Les Folatieres 1er Cru,2020,1700,4,bottle,https://hk.ackerwines.com/,Acker Merrall & Condit HK Retail (005),005,2025-04-13 13:19:53
Jean-Paul & Benoit Droin Chablis Fourchaume 1er Cru,2020,350,10,bottle,https://hk.ackerwines.com/,Acker Merrall & Condit HK Retail (005),005,2025-04-13 13:19:53
Maison Leroy Meursault Charmes,1969,4500,5,bottle,https://hk.ackerwines.com/,Acker Merrall & Condit HK Retail (005),005,2025-04-13 13:19:53
Marchand Tawse Chassagne Montrachet Abbaye De Morgeot 1er Cru,2020,950,7,bottle,https://hk.ackerwines.com/,Acker Merrall & Condit HK Retail (005),005,2025-04-13 13:19:53
Michel Bouzereau Bourgogne Chardonnay,2014,250,5,bottle,https://hk.ackerwines.com/,Acker Merrall & Condit HK Retail (005),005,2025-04-13 13:19:53
O. Leflaive Bienvenue Batard Montrachet,2014,5400,29,bottle,https://hk.ackerwines.com/,Acker Merrall & Condit HK Retail (005),005,2025-04-13 13:19:53
Philippe Pacalet Corton Charlemagne Grand Cru,2014,3500,2,bottle,https://hk.ackerwines.com/,Acker Merrall & Condit HK Retail (005),005,2025-04-13 13:19:53
Pierre Girardin Meursault Les Grands Charrons,2019,1000,1,bottle,https://hk.ackerwines.com/,Acker Merrall & Condit HK Retail (005),005,2025-04-13 13:19:53
Pierre Girardin Meursault Les Grands Charrons,2020,880,8,bottle,https://hk.ackerwines.com/,Acker Merrall & Condit HK Retail (005),005,2025-04-13 13:19:53
Pierre Girardin Meursault Tillets,2020,850,5,bottle,https://hk.ackerwines.com/,Acker Merrall & Condit HK Retail (005),005,2025-04-13 13:19:53
Pierre Girardin Meursault Les Vireuils,2019,1180,1,bottle,https://hk.ackerwines.com/,Acker Merrall & Condit HK Retail (005),005,2025-04-13 13:19:53
Pierre Girardin Meursault Les Vireuils,2020,800,2,bottle,https://hk.ackerwines.com/,Acker Merrall & Condit HK Retail (005),005,2025-04-13 13:19:53
Pierre Girardin Puligny-Montrachet Les Enseigneres,2019,1280,1,bottle,https://hk.ackerwines.com/,Acker Merrall & Condit HK Retail (005),005,2025-04-13 13:19:53
PYCM Corton Charlemagne Grand Cru,2005,5200,1,bottle,https://hk.ackerwines.com/,Acker Merrall & Condit HK Retail (005),005,2025-04-13 13:19:53
PYCM Meursault Narvaux,2011,2700,3,bottle,https://hk.ackerwines.com/,Acker Merrall & Condit HK Retail (005),005,2025-04-13 13:19:53
PYCM Saint Aubin Champlots ,2018,1380,6,bottle,https://hk.ackerwines.com/,Acker Merrall & Condit HK Retail (005),005,2025-04-13 13:19:53
PYCM Saint Aubin Champlots ,2019,1580,4,bottle,https://hk.ackerwines.com/,Acker Merrall & Condit HK Retail (005),005,2025-04-13 13:19:53
PYCM Saint-Aubin En Remilly,2019,1300,5,bottle,https://hk.ackerwines.com/,Acker Merrall & Condit HK Retail (005),005,2025-04-13 13:19:53
Raveneau Chablis Blanchot Grand Cru (Slightly Cracked Wax),2005,10000,2,bottle,https://hk.ackerwines.com/,Acker Merrall & Condit HK Retail (005),005,2025-04-13 13:19:53
Raveneau Chablis Vaillons 1er Cru,2005,6000,1,bottle,https://hk.ackerwines.com/,Acker Merrall & Condit HK Retail (005),005,2025-04-13 13:19:53
Remoissenet Chablis Les Clos,2019,800,8,bottle,https://hk.ackerwines.com/,Acker Merrall & Condit HK Retail (005),005,2025-04-13 13:19:53
Jean-Marc Roulot Corton Charlemagne Grand Cru,2020,10800,1,magnum,https://hk.ackerwines.com/,Acker Merrall & Condit HK Retail (005),005,2025-04-13 13:19:53
Domaine Roulot Meursault Charmes 1er Cru,2002,16800,3,magnum,https://hk.ackerwines.com/,Acker Merrall & Condit HK Retail (005),005,2025-04-13 13:19:53
Jean-Marc Roulot Puligny Montrachet Caillerets 1er Cru,2020,3400,3,bottle,https://hk.ackerwines.com/,Acker Merrall & Condit HK Retail (005),005,2025-04-13 13:19:53
Vincent Girardin Meursault Le Limozin,2019,600,3,bottle,https://hk.ackerwines.com/,Acker Merrall & Condit HK Retail (005),005,2025-04-13 13:19:53
Vogue Bourgogne Blanc ,2008,7500,1,bottle,https://hk.ackerwines.com/,Acker Merrall & Condit HK Retail (005),005,2025-04-13 13:19:53
William Fevre Chablis Les Clos Grand Cru,2018,780,19,bottle,https://hk.ackerwines.com/,Acker Merrall & Condit HK Retail (005),005,2025-04-13 13:19:53
William Fevre Chablis Les Clos Grand Cru,2020,880,12,bottle,https://hk.ackerwines.com/,Acker Merrall & Condit HK Retail (005),005,2025-04-13 13:19:53
,,,,,https://hk.ackerwines.com/,Acker Merrall & Condit HK Retail (005),005,2025-04-13 13:19:53
&&,&&,&&,&&,&&,https://hk.ackerwines.com/,Acker Merrall & Condit HK Retail (005),005,2025-04-13 13:19:53
Chateau Ausone,1999,9800,3,magnum,https://hk.ackerwines.com/,Acker Merrall & Condit HK Retail (005),005,2025-04-13 13:19:53
Chateau Beausejour Duffau,2009,2100,9,bottle,https://hk.ackerwines.com/,Acker Merrall & Condit HK Retail (005),005,2025-04-13 13:19:53
Chateau Cheval Blanc,1994,8000,6,magnum,https://hk.ackerwines.com/,Acker Merrall & Condit HK Retail (005),005,2025-04-13 13:19:53
Chateau Cheval Blanc,2006,9200,6,magnum,https://hk.ackerwines.com/,Acker Merrall & Condit HK Retail (005),005,2025-04-13 13:19:53
Chateau Cos d'Estournel,2014,950,1,bottle,https://hk.ackerwines.com/,Acker Merrall & Condit HK Retail (005),005,2025-04-13 13:19:53
Chateau Figeac,2010,1900,6,bottle,https://hk.ackerwines.com/,Acker Merrall & Condit HK Retail (005),005,2025-04-13 13:19:53
Chateau Haut Bailly  ,2012,480,4,bottle,https://hk.ackerwines.com/,Acker Merrall & Condit HK Retail (005),005,2025-04-13 13:19:53
Chateau Haut Brion,2003,8800,2,magnum,https://hk.ackerwines.com/,Acker Merrall & Condit HK Retail (005),005,2025-04-13 13:19:53
Chateau La Clusiere,2000,9200,2,bottle,https://hk.ackerwines.com/,Acker Merrall & Condit HK Retail (005),005,2025-04-13 13:19:53
Chateau La Gaffeliere,2011,3750,4,OWC12,https://hk.ackerwines.com/,Acker Merrall & Condit HK Retail (005),005,2025-04-13 13:19:53
Chateau Lafite Rothschild,1988,36000,1,double magnum,https://hk.ackerwines.com/,Acker Merrall & Condit HK Retail (005),005,2025-04-13 13:19:53
Chateau Lafite Rothschild,2005,48800,1,imperial,https://hk.ackerwines.com/,Acker Merrall & Condit HK Retail (005),005,2025-04-13 13:19:53
Chateau Latour,1918,12000,1,bottle,https://hk.ackerwines.com/,Acker Merrall & Condit HK Retail (005),005,2025-04-13 13:19:53
Chateau La Violette,2012,2200,6,bottle,https://hk.ackerwines.com/,Acker Merrall & Condit HK Retail (005),005,2025-04-13 13:19:53
Chateau l'Evangile,1988,1800,2,bottle,https://hk.ackerwines.com/,Acker Merrall & Condit HK Retail (005),005,2025-04-13 13:19:53
Chateau Margaux,1994,8050,5,magnum,https://hk.ackerwines.com/,Acker Merrall & Condit HK Retail (005),005,2025-04-13 13:19:53
Chateau Montrose,2003,1650,3,bottle,https://hk.ackerwines.com/,Acker Merrall & Condit HK Retail (005),005,2025-04-13 13:19:53
Vieux Chateau Certan,2018,2250,1,bottle,https://hk.ackerwines.com/,Acker Merrall & Condit HK Retail (005),005,2025-04-13 13:19:53
,,,,,https://hk.ackerwines.com/,Acker Merrall & Condit HK Retail (005),005,2025-04-13 13:19:53
&&,&&,&&,&&,&&,https://hk.ackerwines.com/,Acker Merrall & Condit HK Retail (005),005,2025-04-13 13:19:53
Chateau d'Yquem,1989,24000,1,imperial,https://hk.ackerwines.com/,Acker Merrall & Condit HK Retail (005),005,2025-04-13 13:19:53
Chateau Gilette Crème de Tete,1978,1800,1,bottle,https://hk.ackerwines.com/,Acker Merrall & Condit HK Retail (005),005,2025-04-13 13:19:53
,,,,,https://hk.ackerwines.com/,Acker Merrall & Condit HK Retail (005),005,2025-04-13 13:19:53
&&,&&,&&,&&,&&,https://hk.ackerwines.com/,Acker Merrall & Condit HK Retail (005),005,2025-04-13 13:19:53
Domaine Grange des Peres Rouge,2016,2200,5,bottle,https://hk.ackerwines.com/,Acker Merrall & Condit HK Retail (005),005,2025-04-13 13:19:53
Gerin Cote Rotie Champin le Seigneur,2005,780,3,bottle,https://hk.ackerwines.com/,Acker Merrall & Condit HK Retail (005),005,2025-04-13 13:19:53
Grafe Lecocq Cote Rotie,2015,450,6,bottle,https://hk.ackerwines.com/,Acker Merrall & Condit HK Retail (005),005,2025-04-13 13:19:53
Grafe-Lecocq Condrieu,2016,440,6,bottle,https://hk.ackerwines.com/,Acker Merrall & Condit HK Retail (005),005,2025-04-13 13:19:53
Jean Louis Chave Hermitage,2012,2940,4,bottle,https://hk.ackerwines.com/,Acker Merrall & Condit HK Retail (005),005,2025-04-13 13:19:53
M. Chapoutier Chateauneuf du Pape La Bernardine,1996,400,1,bottle,https://hk.ackerwines.com/,Acker Merrall & Condit HK Retail (005),005,2025-04-13 13:19:53
M. Chapoutier Ermitage Vin de Paille,1996,900,1,half-bottle,https://hk.ackerwines.com/,Acker Merrall & Condit HK Retail (005),005,2025-04-13 13:19:53
Rayas,1989,22000,1,bottle,https://hk.ackerwines.com/,Acker Merrall & Condit HK Retail (005),005,2025-04-13 13:19:53
Rayas,1999,9300,1,bottle,https://hk.ackerwines.com/,Acker Merrall & Condit HK Retail (005),005,2025-04-13 13:19:53
Rayas Chateau des Tours Cotes du Rhone Rouge,2016,1200,1,bottle,https://hk.ackerwines.com/,Acker Merrall & Condit HK Retail (005),005,2025-04-13 13:19:53
Rayas Chateau des Tours Vacqueyras Rouge,2012,1600,3,bottle,https://hk.ackerwines.com/,Acker Merrall & Condit HK Retail (005),005,2025-04-13 13:19:53
Rayas Chateau des Tours Vacqueyras Rouge,2016,900,13,bottle,https://hk.ackerwines.com/,Acker Merrall & Condit HK Retail (005),005,2025-04-13 13:19:53
Rayas Chateau des Tours Vacqueyras Rouge,2017,800,11,bottle,https://hk.ackerwines.com/,Acker Merrall & Condit HK Retail (005),005,2025-04-13 13:19:53
Rayas Domaine des Tours Vin de Pays du Vaucluse Rouge ,2014,1000,5,bottle,https://hk.ackerwines.com/,Acker Merrall & Condit HK Retail (005),005,2025-04-13 13:19:53
Santa Duc Chateauneuf du Pape Habemus Papam                                                     ,2015,330,18,bottle,https://hk.ackerwines.com/,Acker Merrall & Condit HK Retail (005),005,2025-04-13 13:19:53
Santa Duc Gigondas Clos Derriere Vielle                                                    ,2015,280,12,bottle,https://hk.ackerwines.com/,Acker Merrall & Condit HK Retail (005),005,2025-04-13 13:19:53
Santa Duc Gigondas Les Hautes Garrigues                                                    ,2015,368,12,bottle,https://hk.ackerwines.com/,Acker Merrall & Condit HK Retail (005),005,2025-04-13 13:19:53
Y. Cuilleron Condrieu La Petite Cote,2012,480,1,bottle,https://hk.ackerwines.com/,Acker Merrall & Condit HK Retail (005),005,2025-04-13 13:19:53
,,,,,https://hk.ackerwines.com/,Acker Merrall & Condit HK Retail (005),005,2025-04-13 13:19:53
&&,&&,&&,&&,&&,https://hk.ackerwines.com/,Acker Merrall & Condit HK Retail (005),005,2025-04-13 13:19:53
B. Giacosa Barbaresco Santo Stefano Riserva,1990,16000,1,bottle,https://hk.ackerwines.com/,Acker Merrall & Condit HK Retail (005),005,2025-04-13 13:19:53
Castello del Terriccio Lupicaia Toscana,1997,1000,2,bottle,https://hk.ackerwines.com/,Acker Merrall & Condit HK Retail (005),005,2025-04-13 13:19:53
G. Conterno Barolo Cascina Francia,1996,4000,2,bottle,https://hk.ackerwines.com/,Acker Merrall & Condit HK Retail (005),005,2025-04-13 13:19:53
Giuseppe Quintarelli Alzero,1997,9800,1,magnum,https://hk.ackerwines.com/,Acker Merrall & Condit HK Retail (005),005,2025-04-13 13:19:53
L'Astemia Pentita Barolo Cannubi,2010,580,1,bottle,https://hk.ackerwines.com/,Acker Merrall & Condit HK Retail (005),005,2025-04-13 13:19:53
Nada Fiorenzo Babaresco Rombone,2012,450,4,bottle,https://hk.ackerwines.com/,Acker Merrall & Condit HK Retail (005),005,2025-04-13 13:19:53
Ornellaia 2003 750ml,2003,12000,2,OWC6,https://hk.ackerwines.com/,Acker Merrall & Condit HK Retail (005),005,2025-04-13 13:19:53
S. Imparato Montevetrano ,2006,535,5,bottle,https://hk.ackerwines.com/,Acker Merrall & Condit HK Retail (005),005,2025-04-13 13:19:53
,,,,,https://hk.ackerwines.com/,Acker Merrall & Condit HK Retail (005),005,2025-04-13 13:19:53
&&,&&,&&,&&,&&,https://hk.ackerwines.com/,Acker Merrall & Condit HK Retail (005),005,2025-04-13 13:19:53
Penfolds Cabernet Sauvignon Bin 60A (OWC6),2004,4600,3,bottle,https://hk.ackerwines.com/,Acker Merrall & Condit HK Retail (005),005,2025-04-13 13:19:53
Penfolds Shiraz RWT ,1999,1200,3,bottle,https://hk.ackerwines.com/,Acker Merrall & Condit HK Retail (005),005,2025-04-13 13:19:53
Torbreck Shiraz Descendant,2000,900,3,bottle,https://hk.ackerwines.com/,Acker Merrall & Condit HK Retail (005),005,2025-04-13 13:19:53
,,,,,https://hk.ackerwines.com/,Acker Merrall & Condit HK Retail (005),005,2025-04-13 13:19:53
&&,&&,&&,&&,&&,https://hk.ackerwines.com/,Acker Merrall & Condit HK Retail (005),005,2025-04-13 13:19:53
Aubert Wines Powder House Chardonnay,2021,1450,6,bottle,https://hk.ackerwines.com/,Acker Merrall & Condit HK Retail (005),005,2025-04-13 13:19:53
Colgin Cariad ,2001,4000,1,bottle,https://hk.ackerwines.com/,Acker Merrall & Condit HK Retail (005),005,2025-04-13 13:19:53
Colgin IX Estate ,2016,14400,1,OWC3,https://hk.ackerwines.com/,Acker Merrall & Condit HK Retail (005),005,2025-04-13 13:19:53
Colgin Tychon Hills ,2007,11100,1,OWC3,https://hk.ackerwines.com/,Acker Merrall & Condit HK Retail (005),005,2025-04-13 13:19:53
Harlan Estate,2004,16000,2,magnum,https://hk.ackerwines.com/,Acker Merrall & Condit HK Retail (005),005,2025-04-13 13:19:53
Heitz Cabernet Sauvignon Bella Oaks Vineyard,1980,6000,2,magnum,https://hk.ackerwines.com/,Acker Merrall & Condit HK Retail (005),005,2025-04-13 13:19:53
Levy & McClellan Cabernet Sauvignon,2004,3500,4,OWC1,https://hk.ackerwines.com/,Acker Merrall & Condit HK Retail (005),005,2025-04-13 13:19:53
Marcassin Pinot Noir Blue Slide Ridge Vineyard,2001,2600,1,bottle,https://hk.ackerwines.com/,Acker Merrall & Condit HK Retail (005),005,2025-04-13 13:19:53
Realm Beckstoffer Dr. Crane,2015,4500,2,bottle,https://hk.ackerwines.com/,Acker Merrall & Condit HK Retail (005),005,2025-04-13 13:19:53
Revana Estate Cabernet Sauvignon ,2007,2650,9,bottle,https://hk.ackerwines.com/,Acker Merrall & Condit HK Retail (005),005,2025-04-13 13:19:53
Revana Estate Cabernet Sauvignon ,2017,1100,16,bottle,https://hk.ackerwines.com/,Acker Merrall & Condit HK Retail (005),005,2025-04-13 13:19:53
Revana Howell Mountain Cabernet Sauvignon,2013,900,6,bottle,https://hk.ackerwines.com/,Acker Merrall & Condit HK Retail (005),005,2025-04-13 13:19:53
Revana Stag Leap District Steltzner Vineyard Cabernet Sauvignon,2016,900,20,bottle,https://hk.ackerwines.com/,Acker Merrall & Condit HK Retail (005),005,2025-04-13 13:19:53
Revana Terroir Series Cabernet Sauvignon,2018,600,24+,bottle,https://hk.ackerwines.com/,Acker Merrall & Condit HK Retail (005),005,2025-04-13 13:19:53
Rose & Arrow Eola Springs Chardonnay,2021,1000,6,bottle,https://hk.ackerwines.com/,Acker Merrall & Condit HK Retail (005),005,2025-04-13 13:19:53
Rose & Arrow Touchstone,2021,4000,1,bottle,https://hk.ackerwines.com/,Acker Merrall & Condit HK Retail (005),005,2025-04-13 13:19:53
Screaming Eagle Cabernet Sauvignon 2007 750ml,2007,78000,1,OWC3,https://hk.ackerwines.com/,Acker Merrall & Condit HK Retail (005),005,2025-04-13 13:19:53
Screaming Eagle Cabernet Sauvignon 2010 750ml,2010,78000,1,OWC3,https://hk.ackerwines.com/,Acker Merrall & Condit HK Retail (005),005,2025-04-13 13:19:53
Screaming Eagle Cabernet Sauvignon 2012 750ml,2012,76000,1,OWC3,https://hk.ackerwines.com/,Acker Merrall & Condit HK Retail (005),005,2025-04-13 13:19:53
Screaming Eagle,2018,85500,1,OWC3,https://hk.ackerwines.com/,Acker Merrall & Condit HK Retail (005),005,2025-04-13 13:19:53
Shafer Cabernet Sauvignon Hillside Select,2004,3100,1,bottle,https://hk.ackerwines.com/,Acker Merrall & Condit HK Retail (005),005,2025-04-13 13:19:53
Sine Qua Non Stockholm Syndrome Syrah,2010,9500,1,bottle,https://hk.ackerwines.com/,Acker Merrall & Condit HK Retail (005),005,2025-04-13 13:19:53
Sloan,2000,2300,1,bottle,https://hk.ackerwines.com/,Acker Merrall & Condit HK Retail (005),005,2025-04-13 13:19:53
Verite Red,1998,3200,2,bottle,https://hk.ackerwines.com/,Acker Merrall & Condit HK Retail (005),005,2025-04-13 13:19:53
Verite Winery La Joie,2004,3500,1,bottle,https://hk.ackerwines.com/,Acker Merrall & Condit HK Retail (005),005,2025-04-13 13:19:53
Verite Winery La Muse,2004,3500,1,bottle,https://hk.ackerwines.com/,Acker Merrall & Condit HK Retail (005),005,2025-04-13 13:19:53
Verite Winery La Muse,2013,1900,6,bottle,https://hk.ackerwines.com/,Acker Merrall & Condit HK Retail (005),005,2025-04-13 13:19:53
Verite Winery Le Desir,2004,3500,1,bottle,https://hk.ackerwines.com/,Acker Merrall & Condit HK Retail (005),005,2025-04-13 13:19:53
Verite Winery Le Desir,2013,1700,5,bottle,https://hk.ackerwines.com/,Acker Merrall & Condit HK Retail (005),005,2025-04-13 13:19:53
,,,,,https://hk.ackerwines.com/,Acker Merrall & Condit HK Retail (005),005,2025-04-13 13:19:53
&&,&&,&&,&&,&&,https://hk.ackerwines.com/,Acker Merrall & Condit HK Retail (005),005,2025-04-13 13:19:53
Chateau Pajzon Esszencia,1993,3800,3,500ml,https://hk.ackerwines.com/,Acker Merrall & Condit HK Retail (005),005,2025-04-13 13:19:53
Keller Riesling Niersteiner Hipping,2012,4300,1,bottle,https://hk.ackerwines.com/,Acker Merrall & Condit HK Retail (005),005,2025-04-13 13:19:53
Keller Riesling Niersteiner Hipping,2013,3350,1,bottle,https://hk.ackerwines.com/,Acker Merrall & Condit HK Retail (005),005,2025-04-13 13:19:53
Keller Riesling Niersteiner Hipping,2014,3350,1,bottle,https://hk.ackerwines.com/,Acker Merrall & Condit HK Retail (005),005,2025-04-13 13:19:53
,,,,,https://hk.ackerwines.com/,Acker Merrall & Condit HK Retail (005),005,2025-04-13 13:19:53
&&,&&,&&,&&,&&,https://hk.ackerwines.com/,Acker Merrall & Condit HK Retail (005),005,2025-04-13 13:19:53
Blanton's Bourbon,NV,1150,1,750ml,https://hk.ackerwines.com/,Acker Merrall & Condit HK Retail (005),005,2025-04-13 13:19:53
Clase Azul Reposado ,NV,2200,2,750ml,https://hk.ackerwines.com/,Acker Merrall & Condit HK Retail (005),005,2025-04-13 13:19:53
Glendronach 11yr Cask #2039 2009,NV,1100,1,750ml,https://hk.ackerwines.com/,Acker Merrall & Condit HK Retail (005),005,2025-04-13 13:19:53
Glendronach 20 Year Old 1995 (Cask 5402),NV,6000,1,700ml,https://hk.ackerwines.com/,Acker Merrall & Condit HK Retail (005),005,2025-04-13 13:19:53
Glendronach 26 Year Old 1993 (Cask 5962),NV,8250,1,700ml,https://hk.ackerwines.com/,Acker Merrall & Condit HK Retail (005),005,2025-04-13 13:19:53
Glenlivet Single Malt Scotch Whisky Cellar Collection,1983,12000,1,750ml,https://hk.ackerwines.com/,Acker Merrall & Condit HK Retail (005),005,2025-04-13 13:19:53
Hibiki Blossom Harmony 2021 ,NV,2880,1,700ml,https://hk.ackerwines.com/,Acker Merrall & Condit HK Retail (005),005,2025-04-13 13:19:53
Hibiki Blossom Harmony 2022,NV,2880,1,700ml,https://hk.ackerwines.com/,Acker Merrall & Condit HK Retail (005),005,2025-04-13 13:19:53
Highland Park 21 Year Old,1959,15000,1,700ml,https://hk.ackerwines.com/,Acker Merrall & Condit HK Retail (005),005,2025-04-13 13:19:53
Hine 1985 Grand Champagne landed 1987 bottled 2002,1985,3880,9,700ml,https://hk.ackerwines.com/,Acker Merrall & Condit HK Retail (005),005,2025-04-13 13:19:53
Kavalan Soloist Vinho Barrique Single Cask ,NV,2099,2,750ml,https://hk.ackerwines.com/,Acker Merrall & Condit HK Retail (005),005,2025-04-13 13:19:53
Linkwood Single Malt Scotch Whisky 61yr Gordon & MacPhail Private Collection Ultra,1953,100000,1,700ml,https://hk.ackerwines.com/,Acker Merrall & Condit HK Retail (005),005,2025-04-13 13:19:53
Macallan 18yr sherry cask 2022 release,NV,3500,1,700ml,https://hk.ackerwines.com/,Acker Merrall & Condit HK Retail (005),005,2025-04-13 13:19:53
Macallan 25yr sherry cask 2020 release,NV,22500,1,700ml,https://hk.ackerwines.com/,Acker Merrall & Condit HK Retail (005),005,2025-04-13 13:19:53
Macallan Fine & Rare,1951,250000,1,700ml,https://hk.ackerwines.com/,Acker Merrall & Condit HK Retail (005),005,2025-04-13 13:19:53
Macallan Harmony Collection Fine Cacao,NV,3400,1,700ml,https://hk.ackerwines.com/,Acker Merrall & Condit HK Retail (005),005,2025-04-13 13:19:53
Macallan Decanter Series M Single Malt Scotch Whisky,2019,53800,2,700ml,https://hk.ackerwines.com/,Acker Merrall & Condit HK Retail (005),005,2025-04-13 13:19:53
Macallan Oscuro,NV,9500,1,700ml,https://hk.ackerwines.com/,Acker Merrall & Condit HK Retail (005),005,2025-04-13 13:19:53
Macallan Smooth Arabica,NV,2800,1,700ml,https://hk.ackerwines.com/,Acker Merrall & Condit HK Retail (005),005,2025-04-13 13:19:53
Nikka Blended Japanese Whisky Gold & Gold,NV,2000,1,1520ml,https://hk.ackerwines.com/,Acker Merrall & Condit HK Retail (005),005,2025-04-13 13:19:53
Strathisla 57yr Gordon & MacPhail Private Collection,1957,80000,1,700ml,https://hk.ackerwines.com/,Acker Merrall & Condit HK Retail (005),005,2025-04-13 13:19:53
Suntory Houga,NV,35000,1,700ml,https://hk.ackerwines.com/,Acker Merrall & Condit HK Retail (005),005,2025-04-13 13:19:53
TBWC Ardbeg 13yr,NV,1800,1,500ml,https://hk.ackerwines.com/,Acker Merrall & Condit HK Retail (005),005,2025-04-13 13:19:53
TBWC Bunnahabhain 11 Year Old Scotch ,NV,1280,1,500ml,https://hk.ackerwines.com/,Acker Merrall & Condit HK Retail (005),005,2025-04-13 13:19:53
Tequila Ocho Extra Anejo,NV,1380,3,750ml,https://hk.ackerwines.com/,Acker Merrall & Condit HK Retail (005),005,2025-04-13 13:19:53
Yamazaki 2021 Limited Edition,NV,6800,1,700ml,https://hk.ackerwines.com/,Acker Merrall & Condit HK Retail (005),005,2025-04-13 13:19:53
Yamazaki Sherry Cask 2016 Edition,NV,35000,1,700ml,https://hk.ackerwines.com/,Acker Merrall & Condit HK Retail (005),005,2025-04-13 13:19:53
Yamazaki Single Malt Mizunara cask ,2011,25000,1,700ml,https://hk.ackerwines.com/,Acker Merrall & Condit HK Retail (005),005,2025-04-13 13:19:53
Yoichi 20 year,NV,14000,1,700ml,https://hk.ackerwines.com/,Acker Merrall & Condit HK Retail (005),005,2025-04-13 13:19:53
